-- --------------------------------------------------------
-- Host:                         127.0.0.1
-- Server version:               11.7.2-MariaDB - mariadb.org binary distribution
-- Server OS:                    Win64
-- HeidiSQL Version:             12.10.0.7000
-- --------------------------------------------------------

/*!40101 SET @OLD_CHARACTER_SET_CLIENT=@@CHARACTER_SET_CLIENT */;
/*!40101 SET NAMES utf8 */;
/*!50503 SET NAMES utf8mb4 */;
/*!40103 SET @OLD_TIME_ZONE=@@TIME_ZONE */;
/*!40103 SET TIME_ZONE='+00:00' */;
/*!40014 SET @OLD_FOREIGN_KEY_CHECKS=@@FOREIGN_KEY_CHECKS, FOREIGN_KEY_CHECKS=0 */;
/*!40101 SET @OLD_SQL_MODE=@@SQL_MODE, SQL_MODE='NO_AUTO_VALUE_ON_ZERO' */;
/*!40111 SET @OLD_SQL_NOTES=@@SQL_NOTES, SQL_NOTES=0 */;


-- Dumping database structure for museum_db
CREATE DATABASE IF NOT EXISTS `museum_db` /*!40100 DEFAULT CHARACTER SET utf8mb4 COLLATE utf8mb4_unicode_ci */;
USE `museum_db`;

-- Dumping structure for table museum_db.coupons
CREATE TABLE IF NOT EXISTS `coupons` (
  `id` int(11) NOT NULL AUTO_INCREMENT,
  `name` varchar(255) NOT NULL COMMENT '優惠券名稱',
  `code` varchar(50) NOT NULL COMMENT '優惠代碼（可視為樣板碼）',
  `category` enum('商品','課程') NOT NULL COMMENT '適用分類',
  `type` enum('百分比','現金') NOT NULL COMMENT '折扣類型',
  `discount` int(11) NOT NULL COMMENT '折扣數值（% 或 金額）',
  `minSpend` int(10) unsigned DEFAULT NULL COMMENT '最低消費金額',
  `endDate` date NOT NULL COMMENT '有效期限',
  `status` enum('啟用','停用') DEFAULT '啟用' COMMENT '是否可使用',
  `expired_at` date DEFAULT NULL,
  `source` varchar(20) DEFAULT 'normal' COMMENT '獲取來源',
  PRIMARY KEY (`id`)
) ENGINE=InnoDB AUTO_INCREMENT=1004 DEFAULT CHARSET=utf8mb4 COLLATE=utf8mb4_general_ci;

-- Dumping data for table museum_db.coupons: ~16 rows (approximately)
INSERT INTO `coupons` (`id`, `name`, `code`, `category`, `type`, `discount`, `minSpend`, `endDate`, `status`, `expired_at`, `source`) VALUES
	(1, '購物金50', 'SHOP50', '商品', '現金', 50, 500, '2025-06-30', '啟用', '2025-07-08', 'normal'),
	(2, '購物金100', 'SHOP100', '商品', '現金', 100, 1000, '2025-06-30', '啟用', '2025-07-17', 'normal'),
	(3, '購物金150', 'SHOP150', '商品', '現金', 150, 1500, '2025-06-30', '啟用', '2025-07-23', 'normal'),
	(4, '購物金200', 'SHOP200', '商品', '現金', 200, 2000, '2025-06-30', '啟用', '2025-07-06', 'normal'),
	(5, '購物金10P', 'SHOP60', '商品', '百分比', 10, 800, '2025-05-15', '停用', '2025-06-05', 'normal'),
	(6, '購物金15P', 'SHOP80', '商品', '百分比', 15, 1800, '2025-06-01', '啟用', '2025-07-05', 'normal'),
	(7, '購物金120', 'SHOP120', '商品', '現金', 120, 1200, '2025-06-12', '啟用', '2025-07-28', 'normal'),
	(8, '購課金90', 'COURSE90', '課程', '現金', 90, 900, '2025-06-01', '啟用', '2025-08-07', 'normal'),
	(9, '購課金10P', 'COURSE10P', '課程', '百分比', 10, 1000, '2025-06-30', '啟用', '2025-09-28', 'normal'),
	(10, '購課金15P', 'COURSE15P', '課程', '百分比', 15, 1500, '2025-06-20', '啟用', '2025-07-31', 'normal'),
	(11, '購課金5P', 'COURSE5P', '課程', '百分比', 5, 800, '2025-06-25', '啟用', '2025-09-21', 'normal'),
	(12, '購課金20P', 'COURSE20P', '課程', '百分比', 20, 6000, '2025-06-30', '啟用', '2025-09-20', 'normal'),
	(13, '購課金50', 'COURSE50', '課程', '現金', 50, 1000, '2025-05-15', '停用', '2025-05-20', 'normal'),
	(33, '購課金25', 'SHOP25', '商品', '現金', 25, 490, '2025-06-11', '啟用', '2025-07-11', 'normal'),
	(34, '購課金 500P', 'COURSE500P', '課程', '現金', 500, 2500, '2025-06-30', '啟用', '2025-07-28', 'normal'),
	(999, '挑戰成功獎勵券', 'GAME2025', '商品', '現金', 30, 0, '2025-12-27', '啟用', '2025-12-31', 'game'),
	(1000, '購物金 200', 'SHOP200', '商品', '現金', 200, 3000, '2025-06-30', '啟用', '2025-07-10', 'normal'),
	(1001, '購物金 10%', 'SHOP10P', '商品', '百分比', 10, 1000, '2025-07-01', '啟用', '2025-07-04', 'normal'),
	(1002, '購物金 20', 'SHOP20', '商品', '現金', 20, 900, '2025-07-08', '啟用', '2025-07-30', 'normal'),
	(1003, '購物金 100', 'SHOP100', '商品', '現金', 100, 1000, '2025-06-10', '啟用', '2025-07-05', 'normal');

-- Dumping structure for table museum_db.exhibitions
CREATE TABLE IF NOT EXISTS `exhibitions` (
  `id` int(11) NOT NULL AUTO_INCREMENT,
  `title` varchar(255) DEFAULT NULL,
  `startDate` date DEFAULT NULL,
  `endDate` date DEFAULT NULL,
  `intro` text DEFAULT NULL,
  `image` text DEFAULT NULL,
  `state` varchar(50) DEFAULT NULL,
  `venue_id` varchar(50) DEFAULT NULL,
  PRIMARY KEY (`id`)
) ENGINE=InnoDB AUTO_INCREMENT=38 DEFAULT CHARSET=utf8mb4 COLLATE=utf8mb4_general_ci;

-- Dumping data for table museum_db.exhibitions: ~32 rows (approximately)
INSERT INTO `exhibitions` (`id`, `title`, `startDate`, `endDate`, `intro`, `image`, `state`, `venue_id`) VALUES
	(1, '亞洲探險記—十七世紀東西交流傳奇', '2025-03-28', '2025-05-28', '十七世紀－一個探索新知和拓展領域的時代。位居世界東邊的明朝，歷經萬曆之末到滿州人入關前的紛擾不安，終至順治皇帝登基建立清朝，傳承至康熙、雍正兩位皇帝之後，整個局勢方逐漸穩定。相對於此，西方的商人與傳教士挾持著前所未有的意圖與氣勢，持續朝亞洲邁進，足跡從沿海貿易據點逐步深入皇室宮廷。在眾多西方來客中，荷蘭商人和使節團堪稱是東西交流網域中的第一舵手，他們不僅向西方世界傳遞亞洲的知識與文化，也化身成為穿梭在東亞海域間的重要使者。本展覽以荷使出行成功覲見大清皇帝的旅程，作為敘事切入的視角，並且精選本院和荷蘭阿姆斯。他們不僅向西方世界傳遞亞洲的知識與文化，也化身成為穿梭在東亞海域間的重要使者。本展覽以荷使出行成功覲見大清皇帝的旅程，作為敘事切入的視角，並且精選本院和荷蘭阿姆斯。他們不僅向西方世界傳遞亞洲的知識與文化，也化身成為穿梭在東亞海域間的重要使者。本展覽以荷使出行成功覲見大清皇帝的旅程，作為敘事切入的視角，並且精選本院和荷蘭阿姆斯。他們不僅向西方世界傳遞亞洲的知識與文化，也化身成為穿梭在東亞海域間的重要使者。本展覽以荷使出行成功覲見大清皇帝的旅程，作為敘事切入的視角，並且精選本院和荷蘭阿姆斯。', '04010505.jpg', 'current', '101'),
	(2, '摶泥幻化—院藏陶瓷精華展', '2025-03-22', '2025-06-08', '陶瓷，是文明的象徵。從採石製泥、拉坯成形、施釉敷彩，至入窯燒成，軟泥轉變成了堅硬的陶瓷，恍如質材幻化。每件作品背後的文化因素，讓造形、釉色和裝飾紋樣呈現出豐富多元的面貌。帝王、監造者、工匠和使用者，共同形塑出時代的風格。的陶瓷，恍如質材幻化。每件作品背後的文化因素，讓造形、釉色和裝飾紋樣呈現出豐富多元的面貌。帝王、監造者、工匠和使用者，共同形塑出時代的風格。的陶瓷，恍如質材幻化。每件作品背後的文化因素，讓造形、釉色和裝飾紋樣呈現出豐富多元的面貌。帝王、監造者、工匠和使用者，共同形塑出時代的風格。的陶瓷，恍如質材幻化。每件作品背後的文化因素，讓造形、釉色和裝飾紋樣呈現出豐富多元的面貌。帝王、監造者、工匠和使用者，共同形塑出時代的風格。的陶瓷，恍如質材幻化。每件作品背後的文化因素，讓造形、釉色和裝飾紋樣呈現出豐富多元的面貌。帝王、監造者、工匠和使用者，共同形塑出時代的風格。的陶瓷，恍如質材幻化。每件作品背後的文化因素，讓造形、釉色和裝飾紋樣呈現出豐富多元的面貌。帝王、監造者、工匠和使用者，共同形塑出時代的風格。陶瓷器吸引人之處，在於它們呼應著淵遠流長的歷史記事脈絡，同時也從窯業發展網絡中反映出不同文化相互交流的現象。', '04000569.jpg', 'current', '207'),
	(3, '士拿乎—清宮鼻煙壺的時尚風潮', '2025-05-18', '2025-10-25', '鼻煙（snuff）源自西方，早期翻譯成「士拿乎」，在康熙皇帝時業已傳入，將發酵煙葉細末調香而成，服用時將粉末直接吸入鼻中，有通嚏輕揚之效。將鼻煙翻譯為「士拿乎」或可反映當時鼻煙稀少而珍貴，僅於宮廷與王公貴族間，屬於士大夫以上階層流通。不同於西洋用盒盛裝這種輕細的粉末，清代宮廷將其改成小口、廣腹帶匙蓋的鼻煙壺，成為當時的時尚風潮。從早期的各色玻璃到套玻璃，還有各種礦石牙角的雕刻，再到金屬胎琺瑯以及極難燒製的玻璃胎琺瑯，或是瓷器、甚至葫蘆工藝，到後來為裝鼻煙而發明的內繪玻璃，小瓶。國立故宮博物院收藏大量清宮製作最精美的鼻煙壺，選展各種材質之鼻煙壺，從雕刻、燒製、琢磨等工藝角度理解其製作及所呈現之時代特色，且以珍藏、日常到賞賜等不同目的，看到清代工藝之縮影，，再到金屬胎琺瑯以及極難燒製的玻璃胎琺瑯，或是瓷器、甚至葫蘆工藝，到後來為裝鼻煙而發明的內繪玻璃，小瓶。國立故宮博物院收藏大量清宮製作最精美的鼻煙壺，選展各種材質之鼻煙壺，從雕刻、燒製、琢磨等工藝角度理解其製作及所呈現之時代特色，且以珍藏、日常到賞賜等不同目的，看到清代工藝之縮影，，再到金屬胎琺瑯以及極難燒製的玻璃胎琺瑯，或是瓷器、甚至葫蘆工藝，到後來為裝鼻煙而發明的內繪玻璃，小瓶。國立故宮博物院收藏大量清宮製作最精美的鼻煙壺，選展各種材質之鼻煙壺，從雕刻、燒製、琢磨等工藝角度理解其製作及所呈現之時代特色，且以珍藏、日常到賞賜等不同目的，看到清代工藝之縮影，，再到金屬胎琺瑯以及極難燒製的玻璃胎琺瑯，或是瓷器、甚至葫蘆工藝，到後來為裝鼻煙而發明的內繪玻璃，小瓶。國立故宮博物院收藏大量清宮製作最精美的鼻煙壺，選展各種材質之鼻煙壺，從雕刻、燒製、琢磨等工藝角度理解其製作及所呈現之時代特色，且以珍藏、日常到賞賜等不同目的，看到清代工藝之縮影，更是清宮微型藝術之精典。從技法的創新，到各類材質所展現之技藝，以及使用與欣賞的各種意境，體會清宮鼻煙壺的新藝境。', '04011127.png', 'current', '202'),
	(4, '航向天方─十五世紀的伊斯蘭印象', '2025-03-11', '2025-07-16', '天方又稱「天堂」，指今日麥加，是伊斯蘭教的發源聖地。十五世紀時，鄭和（1371-1433）船隊從中國出發，七次橫渡南海、印度洋，並且曾經抵達天方，成就人類文明史上前所未有的探險旅程。他們到過哪些地方？帶給宮廷與民間的衝擊又是什麼？這個展覽想要依循前人的足跡，探索相關文化藝術的交流。第一單元「尋找麒麟」，透過船隊實際造訪榜葛剌（孟加拉）帶回長頸鹿的經過揭開序幕。第二單元「天方潮流」，藉由宮廷用瓷的器形、釉色與裝飾技法，瞭解其中的伊斯蘭元素。第三單元「天朝風情」，呈現由中國反向流往伊斯蘭世界的文物。第四單元「這個展覽想要依循前人的足跡，探索相關文化藝術的交流。第一單元「尋找麒麟」，透過船隊實際造訪榜葛剌（孟加拉）帶回長頸鹿的經過揭開序幕。這個展覽想要依循前人的足跡，探索相關文化藝術的交流。第一單元「尋找麒麟」，透過船隊實際造訪榜葛剌（孟加拉）帶回長頸鹿的經過揭開序幕。這個展覽想要依循前人的足跡，探索相關文化藝術的交流。第一單元「尋找麒麟」，透過船隊實際造訪榜葛剌（孟加拉）帶回長頸鹿的經過揭開序幕。這個展覽想要依循前人的足跡，探索相關文化藝術的交流。第一單元「尋找麒麟」，透過船隊實際造訪榜葛剌（孟加拉）帶回長頸鹿的經過揭開序幕。這個展覽想要依循前人的足跡，探索相關文化藝術的交流。第一單元「尋找麒麟」，透過船隊實際造訪榜葛剌（孟加拉）帶回長頸鹿的經過揭開序幕。', '04012761.jpg', 'current', '103'),
	(5, '皇帝的鏡子—清宮鏡鑑文化與典藏', '2025-05-17', '2025-08-17', '自上古時代起，鏡子便是貴重的照容用具。除可端正衣冠，明亮光潔的鏡面與日月同輝，鏡子遂成為能驅除不祥的法器。光照反射的特性被進一步引伸，明鏡便有了鑑古知今的歷史意味。古人以銅為鏡，鏡面平整瑩亮，鏡背則成為紋飾設計的勝場。隨著時代工藝及審美的演變，銅鏡成為體現各時代藝術精神的重要載體，因此備受珍視。北宋時期（960-1127），朝野均極重視古文物，因而帶動了編修古器物圖譜的風潮。宋徽宗（1101-1126在位）整理宮廷所藏古銅器，將一一二面漢唐銅鏡收入《宣和博古圖》（1123），開銅鏡入古器圖譜先河。清代宮廷。隨著時代工藝及審美的演變，銅鏡成為體現各時代藝術精神的重要載體，因此備受珍視。北宋時期（960-1127），朝野均極重視古文物，因而帶動了編修古器物圖譜的風潮。隨著時代工藝及審美的演變，銅鏡成為體現各時代藝術精神的重要載體，因此備受珍視。北宋時期（960-1127），朝野均極重視古文物，因而帶動了編修古器物圖譜的風潮。隨著時代工藝及審美的演變，銅鏡成為體現各時代藝術精神的重要載體，因此備受珍視。北宋時期（960-1127），朝野均極重視古文物，因而帶動了編修古器物圖譜的風潮。隨著時代工藝及審美的演變，銅鏡成為體現各時代藝術精神的重要載體，因此備受珍視。北宋時期（960-1127），朝野均極重視古文物，因而帶動了編修古器物圖譜的風潮', '04006182.jpg', 'current', '205'),
	(6, '鑑古—乾隆朝的宮廷收藏', '2025-04-19', '2025-07-06', '乾隆皇帝（在位期間：1736-1795）擁有許多古代的銅器，和其他珍貴收藏一樣，這些銅器布置於各個宮殿，是清宮日常生活中的景致。特別的是，乾隆皇帝曾經召集群臣，為銅器丈量尺寸、手繪圖像、撰寫說明。他在位的六十年間，持續。隨著時代工藝及審美的演變，銅鏡成為體現各時代藝術精神的重要載體，因此備受珍視。北宋時期（960-1127），朝野均極重視古文物，因而帶動了編修古器物圖譜的風潮。隨著時代工藝及審美的演變，銅鏡成為體現各時代藝術精神的重要載體，因此備受珍視。北宋時期（960-1127），朝野均極重視古文物，因而帶動了編修古器物圖譜的風潮。隨著時代工藝及審美的演變，銅鏡成為體現各時代藝術精神的重要載體，因此備受珍視。北宋時期（960-1127），朝野均極重視古文物，因而帶動了編修古器物圖譜的風潮。隨著時代工藝及審美的演變，銅鏡成為體現各時代藝術精神的重要載體，因此備受珍視。北宋時期（960-1127），朝野均極重視古文物，因而帶動了編修古器物圖譜的風潮。隨著時代工藝及審美的演變，銅鏡成為體現各時代藝術精神的重要載體，因此備受珍視。北宋時期（960-1127），朝野均極重視古文物，因而帶動了編修古器物圖譜的風潮。隨著時代工藝及審美的演變，銅鏡成為體現各時代藝術精神的重要載體，因此備受珍視。北宋時期（960-1127），朝野均極重視古文物，因而帶動了編修古器物圖譜的風潮', '04011128.jpg', 'current', '206'),
	(7, '適於心—明代永樂皇帝的瓷器', '2025-06-19', '2025-10-19', '「潔素瑩然，甚適於心」是永樂皇帝對自己心愛瓷器的讚譽。本展以「適於心」為題，探索明代永樂皇帝時期所製瓷器之美學與文化意涵。所謂「適於心」，源自儒道思想中「物我合一」的境界，意指器物不僅供人使用，更應在造型、色彩、質地上契合心性，喚起觀者的情感共鳴與精神滿足。永樂皇帝統治期間（公元 1403–1424 年），不僅是明代政治穩定與對外交流的重要階段，更是景德鎮御窯發展的關鍵時期，其瓷器製作水準達到空前高度，開創「永樂風格」，對後世影響深遠。\n展覽精選逾 80 件永樂時期御窯瓷器，涵蓋青花、釉裡紅、甜白、卵白及多種低溫彩繪器物。展品多為宗教、宮廷儀式、日常飲食、書房陳設等用途，造型洗鍊、胎骨細緻，展現永樂朝對工藝之極致追求。青花瓷以進口鈷料描繪細膩圖紋，釉裡紅技法則突破技術瓶頸，成就獨特紅彩韻味；而甜白與卵白釉瓷則透過素淨釉色展現內斂典雅的審美風格，體現出永樂皇帝審美的純粹與精緻。\n除器物本身之外，展覽亦呈現當時與中亞、伊斯蘭世界的文化交流，反映永樂朝瓷器不僅承襲傳統，更融合多元元素，體現出帝國開放包容的文化態度。觀者得以從一件件瓷器中，讀出永樂皇帝對理想秩序、美感形式與天下觀的具象詮釋。\n本展邀請觀眾一同走進明初宮廷的審美世界，體驗「形精神合」的造物智慧，並思考器物與心靈之間的深層對話。透過這些歷經六百年光陰的瓷器，我們得以窺見那個追求「適於心」的時代風貌。', '04009293.jpg', 'future', '101'),
	(8, '若水澄華—館藏玻璃文物特展', '2025-07-19', '2025-11-19', '玻璃，在我國歷史文獻中又有頗黎、陸離、流離、琉璃、藥玉、瓘玉、玻瓈、料器等名稱，是人類文明發展史上最早誕生的人工材料之一，至今仍影響人們生活的多種層面。考古資料顯示古埃及與西亞地區約於西元前三千年左右出現具原始玻璃性質，稱之為費昂斯(faience)或釉砂的物質，以及燒成溫度較高的玻砂(frit)製成的物件。西周時期的考古發現亦可見此類以二氧化矽為主要成份，所燒製出近似玻璃質感的物件。是人類文明發展史上最早誕生的人工材料之一，至今仍影響人們生活的多種層面。考古資料顯示古埃及與西亞地區約於西元前三千年左右出現具原始玻璃性質，稱之為費昂斯(faience)或釉砂的物質，以及燒成溫度較高的玻砂(frit)製成的物件。西周時期的考古發現亦可見此類以二氧化矽為主要成份，所燒製出近似隨著歷史的發展，玻璃由如玉如石，帶有光澤的人工材質，初而隱約映光，逐漸澄澈透光，以至成為可供攝光照影的多功能材質，其特有的是人類文明發展史上最早誕生的人工材料之一，至今仍影響人們生活的多種層面。考古資料顯示古埃及與西亞地區約於西元前三千年左右出現具原始玻璃性質，稱之為費昂斯(faience)或釉砂的物質，以及燒成溫度較高的玻砂(frit)製成的物件。西周時期的考古發現亦可見此類以二氧化矽為主要成份，所燒製出近似', '04007323.jpg', 'future', '106'),
	(9, '大美不言—梵克雅寶典藏精粹特展', '2024-09-26', '2024-12-29', '「大美不言」特展以中國哲學家莊子的一句名言作為策展標題，寓意真正極致的美，不需言語即可動人心弦，透過靜默傳遞深遠的感受與想像。本展以此哲思為出發點，試圖詮釋自然界中不加修飾卻令人驚艷的美麗事物，並延伸至人類藝術與工藝創作的極致之美，展現出東西方文化在美感表現上的交會與對話。\n本展由國立故瓷博物館、法國巴黎裝飾藝術博物館（Musée des Arts Décoratifs），以及國際知名高級珠寶品牌 Van Cleef & Arpels 梵克雅寶三方合作籌辦，展現罕見的跨國文化交流與策展實力。展覽內容豐富多元，展件涵蓋陶瓷、玉石、傢飾、瓷器、服飾、雕塑、平面藝術、珠寶與鐘錶等領域，共匯聚超過 260 件來自世界各地的精緻藝術品與設計傑作，每一件展品皆代表著其所處時代工藝與美學的巔峰。\n觀展者將在展場中穿越東西方歷史長河，從古代中國宮廷器物，到近代歐洲珠寶設計，在時間與空間的交錯中，體驗裝飾藝術如何形塑出人們對「美」的理解與想像。展覽也以細膩的策展動線與場域設計，營造出靜謐沉浸的觀展氛圍，期望觀眾在無聲之中，感受美的力量，喚起個人內在的審美經驗與文化共鳴。\n這不僅是一場藝術與工藝的盛宴，更是一段引領心靈旅行的裝飾藝術之旅，邀請您一同踏上探索「大美不言」的美學之境。', '04013823.jpg', 'past', ' 101'),
	(10, '「瓷緣萬里」暨「宮廷雅器的時代風華」特展', '2024-09-26', '2024-12-29', '梵蒂岡宗座圖書館係教皇藏書所在，成立於十五世紀中葉，旨在彙集「所有足以榮耀教皇與教廷之拉丁與希臘文字作品」，「為知識分子提供共同的便利」，為全球歷史最悠久、最重要的研究圖書館之一。館藏除神學、宗教作品之外，文學、史學、藝術、法學、哲學、科學等類著作亦極浩博，尤以舊抄本、古印本最具特色，素負「文明寶庫」、「人類記憶」盛譽。與梵蒂岡宗座圖書館發展時期相當的中國明清兩代皇室藏書，論質論量均頗為可觀。明代宮廷藏書集中了宋代以降皇室舊藏菁華，兼以諸帝多次訪求天下遺書，內府刻書亦盛，藏書規模遠勝前世。是人類文明發展史上最早誕生的人工材料之一，至今仍影響人們生活的多種層面。考古資料顯示古埃及與西亞地區約於西元前三千年左右出現具原始玻璃性質，稱之為費昂斯(faience)或釉砂的物質，以及燒成溫度較高的玻砂(frit)製成的物件。西周時期的考古發現亦可見此類以二氧化矽為主要成份，所燒製出近似是人類文明發展史上最早誕生的人工材料之一，至今仍影響人們生活的多種層面。考古資料顯示古埃及與西亞地區約於西元前三千年左右出現具原始玻璃性質，稱之為費昂斯(faience)或釉砂的物質，以及燒成溫度較高的玻砂(frit)製成的物件。西周時期的考古發現亦可見此類以二氧化矽為主要成份，所燒製出近似是人類文明發展史上最早誕生的人工材料之一，至今仍影響人們生活的多種層面。考古資料顯示古埃及與西亞地區約於西元前三千年左右出現具原始玻璃性質，稱之為費昂斯(faience)或釉砂的物質，以及燒成溫度較高的玻砂(frit)製成的物件。西周時期的考古發現亦可見此類以二氧化矽為主要成份，所燒製出近似是人類文明發展史上最早誕生的人工材料之一，至今仍影響人們生活的多種層面。考古資料顯示古埃及與西亞地區約於西元前三千年左右出現具原始玻璃性質，稱之為費昂斯(faience)或釉砂的物質，以及燒成溫度較高的玻砂(frit)製成的物件。西周時期的考古發現亦可見此類以二氧化矽為主要成份，所燒製出近似清承明代遺緒，猶', '04013254.jpg', 'past', '207'),
	(11, '貴似晨星—清宮傳世12至14世紀青瓷特展', '2025-08-19', '2025-12-19', '乾隆皇帝的御製詩中，常以「少貴似晨星」、「晨星真可貴」等，形容文物的珍貴稀有。尤其有「趙宋官窯晨星看」一句，可知乾隆皇帝珍視如寶貝的文物正是宋朝官窯瓷器。所謂宋朝官窯，藉由文本的記載，可知是指北宋官窯，南宋修內司和郊壇下官窯是人類文明發展史上最早誕生的人工材料之一，至今仍影響人們生活的多種層面。考古資料顯示古埃及與西亞地區約於西元前三千年左右出現具原始玻璃性質，稱之為費昂斯(faience)或釉砂的物質，以及燒成溫度較高的玻砂(frit)製成的物件。西周時期的考古發現亦可見此類以二氧化矽為主要成份，所燒製出近似是人類文明發展史上最早誕生的人工材料之一，至今仍影響人們生活的多種層面。考古資料顯示古埃及與西亞地區約於西元前三千年左右出現具原始玻璃性質，稱之為費昂斯(faience)或釉砂的物質，以及燒成溫度較高的玻砂(frit)製成的物件。西周時期的考古發現亦可見此類以二氧化矽為主要成份，所燒製出近似。近人對於南宋官窯的探索與研究，可以溯至1930年代中、日學者的採集與調查。雖然當時還未能分辨南宋官窯的真正內涵，但是從中醞釀而出的青瓷鑑賞趣味，以及想要解開謎團的意圖，一直延續到1990年代為止。也就是浙江省杭州市老虎洞窯址發現之後，多數學者因此接受郊壇下和老虎洞正是文本記載中的兩個', '04006774.jpg', 'future', '203'),
	(12, '無界之涯——從海出發探索十六世紀東西文化交流', '2024-09-26', '2024-12-29', '「陸止於此，海始於斯」（Onde a terra acaba e o mar começa）。十六世紀葡萄牙人卡蒙斯（Luís Vaz de Camões，?-1580）筆下的兩句話，訴說著陸地的盡頭，卻正是大海的起點。話中語境見證當時歐洲人嚮往海外探險的風氣，更為世界不同端點人們的相遇，立下一個絕佳的註腳。那個時候，人們不再安於陸地或特定的海域，而是遠赴重洋，一次次越過陌生的海洋，尋求更多的機會與資源。期間，是人類文明發展史上最早誕生的人工材料之一，至今仍影響人們生活的多種層面。考古資料顯示古埃及與西亞地區約於西元前三千年左右出現具原始玻璃性質，稱之為費昂斯(faience)或釉砂的物質，以及燒成溫度較高的玻砂(frit)製成的物件。西周時期的考古發現亦可見此類以二氧化矽為主要成份，所燒製出近似是人類文明發展史上最早誕生的人工材料之一，至今仍影響人們生活的多種層面。考古資料顯示古埃及與西亞地區約於西元前三千年左右出現具原始玻璃性質，稱之為費昂斯(faience)或釉砂的物質，以及燒成溫度較高的玻砂(frit)製成的物件。西周時期的考古發現亦可見此類以二氧化矽為主要成份，所燒製出近似是人類文明發展史上最早誕生的人工材料之一，至今仍影響人們生活的多種層面。考古資料顯示古埃及與西亞地區約於西元前三千年左右出現具原始玻璃性質，稱之為費昂斯(faience)或釉砂的物質，以及燒成溫度較高的玻砂(frit)製成的物件。西周時期的考古發現亦可見此類以二氧化矽為主要成份，所燒製出近似人類首次繞行地球一周，逐漸凝聚出亞、歐、非、美各大陸串連成一個航線的視野，也從中勾勒出世界的輪廓', '04013505.jpg', 'past', '101'),
	(13, '紫砂風潮—傳世器及其他', '2024-09-26', '2024-12-29', '紫砂器，即以今江蘇省宜興市周遭蘊含質地緻細、含鐵量高的陶土，以泥片鑲接方式成形，經約1100至1200度高溫煅燒而成的器物。宜興陶匠製作的作品中，以紫砂壺最受明清文人雅士稱頌。如周高起（?-1654）《陽羨茗壺系》中所說「近百年中，壺黜銀錫及閩豫瓷，而尚宜興陶」，或李漁（1611-1680）《閒情偶寄》中茶壺的品評：「壺之精者，又莫過於陽羨(即「宜興」古名)」。連乾隆皇帝（1711-1799）是人類文明發展史上最早誕生的人工材料之一，至今仍影響人們生活的多種層面。考古資料顯示古埃及與西亞地區約於西元前三千年左右出現具原始玻璃性質，稱之為費昂斯(faience)或釉砂的物質，以及燒成溫度較高的玻砂(frit)製成的物件。西周時期的考古發現亦可見此類以二氧化矽為主要成份，所燒製出近似是人類文明發展史上最早誕生的人工材料之一，至今仍影響人們生活的多種層面。考古資料顯示古埃及與西亞地區約於西元前三千年左右出現具原始玻璃性質，稱之為費昂斯(faience)或釉砂的物質，以及燒成溫度較高的玻砂(frit)製成的物件。西周時期的考古發現亦可見此類以二氧化矽為主要成份，所燒製出近似是人類文明發展史上最早誕生的人工材料之一，至今仍影響人們生活的多種層面。考古資料顯示古埃及與西亞地區約於西元前三千年左右出現具原始玻璃性質，稱之為費昂斯(faience)或釉砂的物質，以及燒成溫度較高的玻砂(frit)製成的物件。西周時期的考古發現亦可見此類以二氧化矽為主要成份，所燒製出近似也在〈烹雪疊舊做韻〉詩中特別註記：「宜興磁壺煮雪水茶尤妙」。由此想見宜興紫砂壺不僅見於文人墨客的茶寮，也是常民百姓', '04009995.jpg', 'past', '102'),
	(14, '品牌的故事—乾隆皇帝的文物收藏與包裝藝術', '2024-09-26', '2024-12-29', '「品牌的故事─乾隆皇帝的文物收藏與包裝藝術」特展是以清高宗（在位時間：1735-1795）的文物收藏和與之相關的包裝藝術作為展覽主軸，透過器物、書畫及圖書文獻等各類精美選件，呈現乾隆皇帝鑑賞文物、經手把玩，不僅為之量身訂製匣盒，妥適儲藏；同時也從中衍生出別具時代風格特色的新品。種種作為彷彿可以和現代人開創新品、建立品牌的概念相呼應，進而得以從乾隆品牌醞釀成形的視角，重新思索十八世紀出產的新樣式和皇家舊藏文物之關聯，以及通過各式令人讚嘆驚奇的收納方式，瞭解古代的包裝藝術和蘊含其中的美學創意。展覽分成四個單元是人類文明發展史上最早誕生的人工材料之一，至今仍影響人們生活的多種層面。考古資料顯示古埃及與西亞地區約於西元前三千年左右出現具原始玻璃性質，稱之為費昂斯(faience)或釉砂的物質，以及燒成溫度較高的玻砂(frit)製成的物件。西周時期的考古發現亦可見此類以二氧化矽為主要成份，所燒製出近似是人類文明發展史上最早誕生的人工材料之一，至今仍影響人們生活的多種層面。考古資料顯示古埃及與西亞地區約於西元前三千年左右出現具原始玻璃性質，稱之為費昂斯(faience)或釉砂的物質，以及燒成溫度較高的玻砂(frit)製成的物件。西周時期的考古發現亦可見此類以二氧化矽為主要成份，所燒製出近似是人類文明發展史上最早誕生的人工材料之一，至今仍影響人們生活的多種層面。考古資料顯示古埃及與西亞地區約於西元前三千年左右出現具原始玻璃性質，稱之為費昂斯(faience)或釉砂的物質，以及燒成溫度較高的玻砂(frit)製成的物件。西周時期的考古發現亦可見此類以二氧化矽為主要成份，所燒製出近似', '04009664.jpg', 'past', '103'),
	(15, '風格故事—琺瑯彩瓷特展', '2023-05-25', '2023-10-25', '當我們看文物時，首先映入眼簾的是它的造型和裝飾紋樣；再進一步思考時，就又想要瞭解相關的時代背景和製作技術。那麼，綜整這些因素所形塑出來的整體特色就是風格。從這個角度看清朝康熙、雍正和乾隆三個時期（1662-1795）的琺瑯彩瓷，除了推薦這是十八世紀最具代表性的瓷器之外，也想透過展覽說明因應彩料的研發與使用，以及主政者三位皇帝對官窯的不同訴求，而形成的三個階段的風格樣式。當我們欣賞一件瓷器，最先映入眼簾的常是其優美的造型與精緻的裝飾紋樣；進一步細察，則會關心它所屬的時代背景與製作工藝。而將這些要素統整起來，所展現出的整體特徵與美學脈絡，即是「風格」的核心。本展以「風格故事」為題，帶領觀眾探索清代康熙、雍正與乾隆三朝的琺瑯彩瓷，並從中看見十八世紀中國瓷器藝術的極致成就。\n琺瑯彩瓷是將西方金屬琺瑯彩技術引入中國後，融合傳統瓷器製作而誕生的精緻工藝，為清代宮廷特有的官窯精品。康熙帝在位期間，廣泛吸納西方傳教士技術與材料，促使琺瑯彩初現端倪，展品多表現出開創性與實驗性；至雍正朝，工藝趨於成熟，琺瑯彩瓷的線條與構圖愈加細膩、典雅，展現極致的宮廷美學；而乾隆皇帝偏好華麗繁複的風格，故其時期的琺瑯彩瓷顏色層次豐富，圖案講究寓意，體現皇權氣度與大一統文化的視覺表達。\n本展精選數十件代表性琺瑯彩瓷器，從瓶、碗、盤、盒等器形出發，逐一揭示三朝皇帝在審美偏好、製作技術與宮廷需求上的差異，也反映出清代上層社會對工藝與美學的極高要求。此外，展覽亦介紹彩料研製、燒造流程、琺瑯彩與粉彩、描金等技術差異，使觀眾得以深入理解每一件作品背後的工藝脈絡與文化背景。走入這段跨越百年的風格之旅，細細品味琺瑯彩瓷所蘊藏的藝術精神與皇室品味，並在色彩與線條之間，看見屬於清代瓷器的故事與時代風格。', '04012959.jpg', 'past', ' 103'),
	(16, '茄楠—瓷器文化特展', '2024-09-26', '2024-12-29', '「天香」二字，取自北宋丁謂所著《天香傳》，為中國最早針對沉香所做之專著。「茄楠」是明代開始視為最高等級的沉香。沉香的形成是由瑞香科樹木經過刀傷、蟲蛀或細菌感染傷口所分泌的樹脂，經過長時間結節而成，即所謂「結香」。主要出產於兩廣、海南、越南與其他東南亞地區。因為特殊的結香方式，成為或蜜香或乳香，既醇厚又清涼的幽遠香味。自古以來，為世人所重，在生活、宗教、醫學都被妥善使用，發展出獨特鑑賞方式、隨身香佩及薰燃器具，成為奢華尊貴又帶有士人風雅的香玩文化。將展覽取名為「天香茄楠」，期待觀者除欣賞工藝製作之美外，更能是人類文明發展史上最早誕生的人工材料之一，至今仍影響人們生活的多種層面。考古資料顯示古埃及與西亞地區約於西元前三千年左右出現具原始玻璃性質，稱之為費昂斯(faience)或釉砂的物質，以及燒成溫度較高的玻砂(frit)製成的物件。西周時期的考古發現亦可見此類以二氧化矽為主要成份，所燒製出近似是人類文明發展史上最早誕生的人工材料之一，至今仍影響人們生活的多種層面。考古資料顯示古埃及與西亞地區約於西元前三千年左右出現具原始玻璃性質，稱之為費昂斯(faience)或釉砂的物質，以及燒成溫度較高的玻砂(frit)製成的物件。西周時期的考古發現亦可見此類以二氧化矽為主要成份，所燒製出近似是人類文明發展史上最早誕生的人工材料之一，至今仍影響人們生活的多種層面。考古資料顯示古埃及與西亞地區約於西元前三千年左右出現具原始玻璃性質，稱之為費昂斯(faience)或釉砂的物質，以及燒成溫度較高的玻砂(frit)製成的物件。西周時期的考古發現亦可見此類以二氧化矽為主要成份，所燒製出近似', '04010083.jpg', 'past', '205'),
	(17, '國寶聚焦', '2024-09-26', '2024-12-29', '李迪，活躍於12世紀後半期，文獻記載他擅長畫花鳥、竹石、走獸等題材，是南宋宮廷的重要畫家。本幅畫兩位牧童在風雨中趕牛返家的情景。前方牧童蜷縮身體、壓低帽沿，只顧抗風前進，全然不知後方一人急欲跳下牛背，撿拾斗笠。兩條牛雖然一前一後，但是前者回首，後者昂頭，彼此照應。牧童驚慌失措，牛卻冷靜沉著，形成有趣對比。畫家刻意描繪這些人與牛的行為，巧妙提高了畫面的真實性，使觀眾彷彿親臨現場。更重要的是，是人類文明發展史上最早誕生的人工材料之一，至今仍影響人們生活的多種層面。考古資料顯示古埃及與西亞地區約於西元前三千年左右出現具原始玻璃性質，稱之為費昂斯(faience)或釉砂的物質，以及燒成溫度較高的玻砂(frit)製成的物件。西周時期的考古發現亦可見此類以二氧化矽為主要成份，所燒製出近似是人類文明發展史上最早誕生的人工材料之一，至今仍影響人們生活的多種層面。考古資料顯示古埃及與西亞地區約於西元前三千年左右出現具原始玻璃性質，稱之為費昂斯(faience)或釉砂的物質，以及燒成溫度較高的玻砂(frit)製成的物件。西周時期的考古發現亦可見此類以二氧化矽為主要成份，所燒製出近似是人類文明發展史上最早誕生的人工材料之一，至今仍影響人們生活的多種層面。考古資料顯示古埃及與西亞地區約於西元前三千年左右出現具原始玻璃性質，稱之為費昂斯(faience)或釉砂的物質，以及燒成溫度較高的玻砂(frit)製成的物件。西周時期的考古發現亦可見此類以二氧化矽為主要成份，所燒製出近似是人類文明發展史上最早誕生的人工材料之一，至今仍影響人們生活的多種層面。考古資料顯示古埃及與西亞地區約於西元前三千年左右出現具原始玻璃性質，稱之為費昂斯(faience)或釉砂的物質，以及燒成溫度較高的玻砂(frit)製成的物件。西周時期的考古發現亦可見此類以二氧化矽為主要成份，所燒製出近似原本都被牧童照顧的牛，在此反而成了保護牧童的角色。牛的主角地位被凸顯出來，同時也被擬人化，更能誘發觀眾同情畫中的人與牛', '04013018.jpg', 'past', ' 206'),
	(18, '小時代的日常—一個十七世紀的生活陶瓷', '2023-05-25', '2023-10-25', '這個展覽訴說的小時代是指十七世紀而言，那是一個有趣，並且充滿各種可能性的時期。以現代物質文化研究來看，既可從東西交流的角度，一窺當時探險家跋山涉水開拓航道的故事，也能從江南視線瞭解文人世家看似平淡，其實分外講究質感，別有一番趣味的日常。此次通過十七世紀的小資文青文震亨（1586-1645）書寫《長物志》歸類而出的「書畫」和「器具」兩個章節作為策展基礎，除了重新發掘博物館藏品蘊含的人文脈絡之外，也探索古人游賞於物的點滴細節，從中梳理與之相關的交遊網絡，以及賞古風逐漸影響一般居家日用的面向。嘗試從古人處理身外。本次展覽由國立故宮博物院、巴黎裝飾藝術博物館，及Van Cleef & Arpels梵克雅寶三方共同策劃，展件涵蓋陶瓷。本次展覽由國立故宮博物院、巴黎裝飾藝術博物館，及Van Cleef & Arpels梵克雅寶三方共同策劃，展件涵蓋陶瓷。本次展覽由國立故宮博物院、巴黎裝飾藝術博物館，及Van Cleef & Arpels梵克雅寶三方共同策劃，展件涵蓋陶瓷。本次展覽由國立故宮博物院、巴黎裝飾藝術博物館，及Van Cleef & Arpels梵克雅寶三方共同策劃，展件涵蓋陶瓷。本次展覽由國立故宮博物院、巴黎裝飾藝術博物館，及Van Cleef & Arpels梵克雅寶三方共同策劃，展件涵蓋陶瓷。本次展覽由國立故宮博物院、巴黎裝飾藝術博物館，及Van Cleef & Arpels梵克雅寶三方共同策劃，展件涵蓋陶瓷。本次展覽由國立故宮博物院、巴黎裝飾藝術博物館，及Van Cleef & Arpels梵克雅寶三方共同策劃，展件涵蓋陶瓷', '04010912.jpg', 'past', '102'),
	(19, '看得見的紅樓夢', '2023-05-25', '2023-10-25', '《紅樓夢》是在追憶，追憶著盛清時期的貴族世家，富貴繁榮的似水年華。小說裡瀰漫著，作者曹雪芹（約1716-1763）對於往事的痴迷與回望，以及一聲一聲對於盛極而衰、家族敗落的嘆息。展覽以《紅樓夢》為題，以國立故宮博物院、國家圖書館及國立臺灣大學圖書館藏品為材，以「物」來讀小說，將帶領我們看見那段消逝的年華，看見《紅樓夢》的絕美與哀戚。展覽以三個軸線展開。一、「大雅可觀」：呈現《紅樓夢》迷人之處，在於貴族階級精緻的物質文化，在於其為作者生於江寧織造世家的生命經驗，所顯現出的富貴榮華；二、「異物奇貨」：挑揀書中', '04013668.jpg', 'past', ' 205'),
	(20, '愛硯成痴特展', '2023-05-25', '2023-10-25', '硯痴，是指對硯極度迷戀的性情中人，宋代文人蘇軾、米芾還有清代揚州畫派的高鳳翰都是歷史上有名的愛硯人士，究竟硯石有什麼媚力，令人愛不釋手呢？讓我們一起來欣賞硯石之美，說說硯石饒富趣味的故事吧。硯一直是人們的好朋友。電腦鍵盤還沒普遍以前，自來水筆尚未出現的時代，寫字、畫畫都少不了筆、墨、紙和硯，而其中又以硯，最能傳之久遠。大約有二千年、七萬多個日子，硯從出現、不斷變化、定型到再變化，就像流行風潮，在不同時代展現出百態千姿。展覽將以硯式的發展為陳列主軸，穿插與硯相關的點點滴滴，期望大家能感受到硯石與眾不同的特色', '04013438.jpg', 'past', ' 206'),
	(21, '華麗魔法屋─洛可可珍藏', '2023-05-25', '2023-10-25', '歡迎來到華麗魔法屋!你即將穿越時空來到二百多年前的歐洲。在這裡，「裝飾」是一種魔法，為看似平凡的生活場景與物品注入靈魂。這種魔法被稱為「洛可可」（Rococo），從大自然擷取靈感，輕快又奇幻的裝飾風格正在流行。獨特的色彩，搭配金色，深受皇室喜愛，創造了美妙愉悅的洛可可裝飾時代。從房間的牆壁、客廳的桌子、壁爐上的時鐘、餐桌上的杯盤，到口袋裡的懷錶、香水瓶和小盒子，都充滿了自由、華麗、浪漫的裝飾，深深吸引著十八世紀的歐洲人。', '04012832.jpg', 'past', ' 207'),
	(22, '貴冑榮華─清代宮廷的日常風景', '2023-05-25', '2023-10-25', '一九八O年代初期，國立故宮博物院購藏一批北京恭王府紫檀家具，據研究可知，其原屬於清宮，由咸豐皇帝(1831-1861)賞賜恭親王奕訢(1833-1898)，做為王府之用。同時也接收吉星福(1909-1996)伉儷捐贈一對紫檀古董櫃。這些家具，選用質地細密且珍貴的紫檀木，雕刻繁複細緻，做工精良，是清代宮廷家具之典型。透過家具與文物的陳列，了解清代王公貴族生活的日常樣態，從起居、文房及小憩等不同生活場域之流轉，明白家具使用與文物間的關係，不變的是對精緻生活的追求。藉由家具之精與文物之好，體現宮廷生活之精好。讓', '04011291.jpg', 'past', ' 101'),
	(23, '皇帝的移動花園－清代宮廷花卉畫', '2023-05-25', '2023-10-25', '清代的疆域橫跨溫帶、亞熱帶及熱帶，因此進貢到宮廷的動植物更豐富多元。清代皇帝對於花卉的興趣，使宮廷畫家描繪的對象不限於江南花卉，還包括來自高海拔的野生植物，甚至從遙遠西方引進的洋花。畫作中來自各地的奇花異草，讓我們得以想像當時宮廷花園的繽紛景象。花卉或許僅能短暫開放，但是藉由筆墨描繪，能永久延續它們的美麗與盎然生意。宮廷留下的花卉畫，既是移植花卉的視覺紀錄，本身也是能夠不拘季節與地區，可隨時開展或懸掛欣賞的移動花園。 相關出版品：「皇帝的移動花園－清代宮廷的花卉畫」導覽手冊相關網站：動態版、靜態版', '04013731.jpg', 'past', ' 102'),
	(24, '院藏清代歷史文書珍品—端陽時節', '2022-05-17', '2022-08-17', '夏季是時序進入陽氣外散，濕熱深重，也是蛇蟲橫行，疫病容易流行的季節，在仲夏五月的「百毒月」，祛邪防疫成為重要行事。五月開端的端午，起源於夏、商、周朝的夏至節，主要意義也就在避邪驅疫，並配合節氣、節儀和節物，有五月節、重五節、天中節、午日節、端陽節、菖蒲節、浴蘭節、龍舟節、粽子節等等别稱。本次展覽精選本院的端午有關典藏，分五個單元演繹夏季代表節日的端陽時節。第一單元「夏日傳說」，溯源夏季毒月驅厄、人物紀念活動的流傳。第二單元「重五故事」，從端午有關的文獻，梳理清朝對傳統節日的實踐。第三單元「收藏端陽」，跟著', '04013699.jpg', 'past', ' 103'),
	(25, '悅耳－傾聽畫裡的聲音', '2022-05-17', '2022-08-17', '北宋蘇軾（1037-1101）等人關注繪畫與詩詞藝術之融合，視畫為「無聲詩」，詩為「無形畫」或「有聲畫」，帶動藝文界詩畫緊密關係的創作。在此背景下如何表現「有聲」畫，對畫家既具挑戰性，同時也成為繪畫發展特殊的面向。傳世畫作中不少呈現「聽松」、「聽泉」、「聽雨」、「聽琴」等表現自然界或人文世界之中聲音或樂音，值得觀者駐足傾聽。', '04014041.jpg', 'past', ' 205'),
	(26, '國寶聚焦 2025-II', '2022-05-17', '2022-08-17', '本院典藏的文物，依據《文化資產保存法》分為「國寶」、「重要古物」和「一般古物」三種。國寶雖然也經常安排於各種展覽中展出，但為了讓來訪者不論何時到院都有機會深入欣賞國寶，故專闢一室推出「國寶聚焦」系列展覽，每季選展一件書畫國寶於此專屬的展間展出。', '04014042.jpg', 'past', ' 206'),
	(27, '織造精彩－清宮緙絲刺繡展', '2022-05-17', '2022-08-17', '清宮緙絲刺繡為本院典藏重要組成。緙絲在古代為珍貴絲織品，至遲在唐代已將緙毛通經斷緯的織法運用在絲織，宋代之後緙絲的裝飾性和實用性大增，並且轉向純粹欣賞的藝術品。宋代也是刺繡技藝成熟的時代，欣賞性的繡畫工藝細密而寫真。自此藝術性的緙繡講究以名家書畫為底本，豐富題材包含山水、花鳥、人物等。 本次展覽精選院藏清宮緙繡藏品，分為三個單元。第一是清宮收藏古代緙絲和刺繡，既有宋代緙絲精品，也涵蓋被當成宋代緙繡而進入清宮的明代仿古緙繡。由於晚明民間私人收藏風氣盛行，江南仿古緙繡相應興起，一些作品經由進獻、祝壽等場合流入', '04014043.jpg', 'past', ' 207'),
	(28, '賞賜有禮：清代文獻中的天子禮物', '2022-05-17', '2022-08-17', '古代來自天子的禮物，常被臣民視為一種賞賜。這份賞賜禮物的背後，有著複雜的社會學與歷史學因素，也是眾人想解開的謎團。禮物背後的意涵往往比字面上複雜，物品本身的故事，也可能更吸引人。禮尚往來，是存在於人類社會間的普世思維。「禮」可以解讀成謙和有禮貌，亦可藉由物品達到以物示禮，有時更是人與人、國與國建立關係的一種手段與目的。展覽透過清代官員上奏的奏摺、文書、檔冊等史料，了解皇帝究竟賞給臣子何種禮物？這份禮物，是令人稱羨的好禮？還是背後隱藏著看不見的責任？看看奏摺裏的硃批，找找你我心中的答案。', '04014037.jpg', 'past', ' 101'),
	(29, '身體展演：從歷史圖像看身體之謎', '2021-04-19', '2021-06-22', '我們擁有身體，但對它卻是既熟悉又陌生。身體不僅難以理解，且隨著時間演進，衍生出許多不同的觀點。其實，除了生物上的構造之外，還有諸多觀看身體的面向。我們的身體與所處的社會關係密切，是由醫療、宗教、文化、法律等社會所共同接受的機制建構而成。身體不僅依據這些機制運作，也受其影響和支配，遵守規則，臣服常規。然而，在此過程中，人對於自身身體，仍然有一定的主宰與運籌能力，並非完全只是追隨社會既有的規則和制度。展覽精選院藏古籍、器物、繪畫等不同類型文物，藉由這些文物上面的圖像，讓文物自身透過醫療、宗教、文化、法律等不同', '04014021.jpg', 'past', ' 102'),
	(30, '歲時吉慶—院藏節令文物精粹', '2021-04-19', '2021-06-22', '為了應對和適應環境發生的週期性變換，古人總結對氣候、物候的觀察和日常生活的經驗，發展出在特定時間進行特定活動，也歸結用一歲、四時、八節、十二月令、二十四節氣、七十二候紀時的時間觀，從而以曆法、季節為依據，展開各種相對應行事和節日文化。清朝是草原民族建立的政權，在入關前就接觸明朝典章制度，入關後對漢族傳統時令和節慶，大都遵照辦理，也遵行一套依據天象運行、季節變換來決定作息和安排農事的時間觀。另一方面，在季節活動和節令文化上，處處可見滿、蒙原有風俗習尚，表現多元民族文化共存的特色。讓我們隨傳統時間周期的運作，', '04013977.jpg', 'past', '103'),
	(31, '祀與戎：古代兵器攻略', '2021-04-19', '2021-06-22', '「工欲善其事，必先利其器。」從生產與狩獵的工具到殺伐兵器，從滿足溫飽到決定戰爭勝負，刃的鋒利與否是關鍵所在，也是人類製器的亙古追求。最初人類利用石材製刃，自快速砸擊到精細拋磨，漸次精進製刃技術。隨後人類掌握飛躍性的合金技術，冶煉出青銅，由此重新定義了鋒刃，也因青銅優於石材的延展性及在短時間大量鑄造的特性，深層改變了兵器型態。緊接著，在一次次鑄銅的烈焰中，鐵刃淬鍊而生，影響至今未曾稍息。青銅兵器的誕生是上述歷程的轉折點，因為自此戰爭規模與勝負影響全面升級，體現「國之大事，在祀與戎。」在古代中國，青銅兵器約出', '04013529.jpg', 'past', '205'),
	(32, '經典之美—新媒體藝術展', '2021-04-19', '2021-06-22', '「經典之美—新媒體藝術展」以故宮典藏精選文物為核心，從美感學習的六個構面（色彩、比例、質感、結構、構造、構成）及文物賞析的六個觀點（裝裱、主題、意境、故事、技法、風格），以新媒體藝術引導觀眾感受文物蘊藏的美感及文化意涵。本展覽並透過與教學研究單位及友館共同合作，包含國立臺灣師範大學美術學系、國立政治大學轉注藝遊計畫辦公室、國立臺灣藝術大學多媒體動畫藝術學系、國立臺北藝術大學戲劇學院、香港城市大學，以及國立海洋科技博物館等，期將美感體驗結合創新思維，呈現館校合作及跨域鏈結之多元風貌。歡迎走入展場，以此作為「', '04011058.jpg', 'past', '206'),
	(35, 'CELADON——東亞青瓷的光輝', '2025-09-09', '2025-12-09', '青瓷是一種釉藥中含有微量鐵元素，在高溫燒製後呈現出青綠色的陶瓷器。青瓷擁有悠久的歷史，公元2世紀世在中國誕生，隨後不斷發展，並傳播至朝鮮半島、日本乃至世界各地。青瓷在東亞陶瓷史上占據著重要地位，其獨特的美不僅令人傾心，更成為權威與財富的象徵。\n青瓷最迷人之處在於它那美麗的釉色，而其色調又會因燒製環境和土胚顏色的不同而產生微妙變化，使青瓷呈現出豐富多樣的面貌。\n在中國，為了表達青瓷的美，人們使用了各種優美的詞彙。唐・陸羽《茶經》有對越窯青瓷「類玉」、「類冰」的稱讚，唐・陸龜蒙在《秘色越器》詩中寫道：「九秋風露越窯窑開，奪得千峰翠色來」，越窯的「秘色」青瓷被讚譽彷彿吸收了群山與樹木的青翠之色。另一方面，朝鮮半島高麗時代的青瓷因其釉色之美，被稱為「翡色」（玉石的顏色），深受人們喜愛。歐美地區則將青瓷稱為「Celadon（雪拉同）」，關於這一名稱的起源眾說紛紜，其中一種觀點是它源於17世紀法國小說中一位身穿青瓷色服飾人物的名字。\n', 'upload-2.jpg', 'future', '206'),
	(36, 'CELADON——東亞青瓷的光輝', '2025-07-04', '2025-12-11', '青瓷是一種釉藥中含有微量鐵元素，在高溫燒製後呈現出青綠色的陶瓷器。青瓷擁有悠久的歷史，公元2世紀世在中國誕生，隨後不斷發展，並傳播至朝鮮半島、日本乃至世界各地。青瓷在東亞陶瓷史上占據著重要地位，其獨特的美不僅令人傾心，更成為權威與財富的象徵。\n青瓷最迷人之處在於它那美麗的釉色，而其色調又會因燒製環境和土胚顏色的不同而產生微妙變化，使青瓷呈現出豐富多樣的面貌。\n在中國，為了表達青瓷的美，人們使用了各種優美的詞彙。唐・陸羽《茶經》有對越窯青瓷「類玉」、「類冰」的稱讚，唐・陸龜蒙在《秘色越器》詩中寫道：「九秋風露越窯窑開，奪得千峰翠色來」，越窯的「秘色」青瓷被讚譽彷彿吸收了群山與樹木的青翠之色。另一方面，朝鮮半島高麗時代的青瓷因其釉色之美，被稱為「翡色」（玉石的顏色），深受人們喜愛。歐美地區則將青瓷稱為「Celadon（雪拉同）」，關於這一名稱的起源眾說紛紜，其中一種觀點是它源於17世紀法國小說中一位身穿青瓷色服飾人物的名字。\n', 'upload-2.jpg', 'future', '203'),
	(37, '穿越看洪武瓷質祭器', '2025-06-26', '2025-07-09', '「洪武」是明太祖朱元璋（1328-1398，1368-1398在位）的年號。他出身貧寒，幼時放過牛，少年時更因大飢荒父母兄長過世，只能窩居寺廟做小僧。不過，最終卻在元末亂局中，先後擊敗陳有諒（1320-1363）、張士誠（1321-1367）等南方雄強，並派兵北伐擊退蒙古，開創了明朝（1368-1644）大業。由於人生戲劇性的逆轉勝，民間對這位平民出身的皇帝有許多神奇傳說，或「臭頭皇帝」的鮮明特徵，或開口即能成真的「皇帝嘴」，並親切地稱之為「洪武君」。\n\n正史上的明太祖，則具兩面性格，一方面關注民生，崇尚節儉，致力於改善吏治；另一面則嚴定規章，集中權力，重刑好殺。其作為開國皇帝，亦開創明代的典章制度，包括訂立服色以紅色為宜，亦下令祭器改用瓷器以取代青銅器，使得紅色成為明代崇尚的顏色，瓷質祭器成為明清時的國之重器。本次展覽挑選明太祖及其皇后的肖像、洪武制度影響下的器皿、以及該時期的工藝品項，如龍紋鏡、藩王造像等，呈現洪武朝藝術的一隅。\n', 'upload-1.jpg', 'future', '206');

-- Dumping structure for table museum_db.exhibition_favorites
CREATE TABLE IF NOT EXISTS `exhibition_favorites` (
  `member_id` int(11) NOT NULL,
  `exhibition_id` int(11) NOT NULL,
  UNIQUE KEY `uq_member_exhibition` (`member_id`,`exhibition_id`)
) ENGINE=InnoDB DEFAULT CHARSET=utf8mb4 COLLATE=utf8mb4_unicode_ci;

-- Dumping data for table museum_db.exhibition_favorites: ~12 rows (approximately)
INSERT INTO `exhibition_favorites` (`member_id`, `exhibition_id`) VALUES
	(1, 4),
	(27, 1),
	(27, 2),
	(27, 12),
	(92, 7),
	(92, 8),
	(92, 9),
	(94, 8),
	(99, 9),
	(105, 4),
	(106, 2),
	(106, 3);

-- Dumping structure for table museum_db.members
CREATE TABLE IF NOT EXISTS `members` (
  `id` int(11) NOT NULL AUTO_INCREMENT,
  `email` varchar(255) NOT NULL,
  `password` varchar(255) DEFAULT NULL,
  `reset_token` varchar(255) DEFAULT NULL,
  `reset_token_expiry` datetime DEFAULT NULL,
  `google_id` varchar(255) DEFAULT NULL,
  `role` enum('member','admin','staff') DEFAULT 'member',
  `is_deleted` tinyint(1) DEFAULT 0,
  `created_at` datetime DEFAULT current_timestamp(),
  `firebase_uid` varchar(255) DEFAULT NULL,
  PRIMARY KEY (`id`),
  UNIQUE KEY `email` (`email`),
  UNIQUE KEY `firebase_uid` (`firebase_uid`)
) ENGINE=InnoDB AUTO_INCREMENT=130 DEFAULT CHARSET=utf8mb4 COLLATE=utf8mb4_general_ci;

-- Dumping data for table museum_db.members: ~39 rows (approximately)
INSERT INTO `members` (`id`, `email`, `password`, `reset_token`, `reset_token_expiry`, `google_id`, `role`, `is_deleted`, `created_at`, `firebase_uid`) VALUES
	(91, 'eeyorepppppp@gmail.com', NULL, NULL, NULL, NULL, 'member', 0, '2025-05-19 02:18:24', 'l6dlfdM5T2goNTP22S7ng68FfBC3'),
	(92, 'erica51528@gmail.com', '$2b$10$7FvZZQbtzLecsw.UIwH3ju4T8s3zQtsmPnYOxNM3CCJtjd8XztEKG', '420744', '2025-06-08 00:24:22', NULL, 'member', 0, '2025-05-19 02:22:22', 'mmWngRPpqfRhtJWF2Mw3ANI7nHo1'),
	(93, 'ncm@test.com', '$2b$10$ay3VtU5lkvq0nJG4NY6llelR5cSMBPf4JMYeBeXbOOFeteIpzncj.', NULL, NULL, NULL, 'staff', 0, '2025-05-19 02:25:20', NULL),
	(94, 'stathan21@gmail.com', '$2b$10$mV51MFUdJfZbxq0/XAqQp.SoC9Yk0ppMy5c9hXwGYOH5R6EN4NskW', '998109', '2025-06-08 00:23:23', NULL, 'member', 0, '2025-05-19 02:28:12', 'BMrwiM7ZtMQQegTZxnMqc4rLjGu2'),
	(95, 'lorem3643@gmail.com', '$2b$10$RmHLGIhqReY.FoZEl2LWKOmDcrhdJAqNokNl27Dsjm0ei3ulFIvYK', NULL, NULL, NULL, 'member', 0, '2025-05-19 02:29:43', 'UoeHKAAaiKZIdt4LiCwNGJDdokg1'),
	(96, 'fantasy889921@gmail.com', '$2b$10$zji/kmd5HjmD0OMJQilgI.q7WN5gXqrMVw9wvKc7Ev2qLGoXxWz2G', NULL, NULL, NULL, 'member', 0, '2025-05-19 02:30:47', 'DFMzd2goh2gMvTq3CD7ItuqCeDv2'),
	(97, 'lillianliugm@gmail.com', '$2b$10$RMkGGxO3sMshFNGMj/zeHOGJo0ODWoUHrFkT5z0ONaRFo9QHnfayi', NULL, NULL, NULL, 'member', 0, '2025-05-19 02:31:40', 'twF5buDg36YN16XfQRR0hO0iv133'),
	(98, 'chun11@test.com', '$2b$10$7b.cA4vS/BzUbGgR0NYNX.bfXyJSHvGCUEUExp.bRvssNh0JuvDDi', NULL, NULL, NULL, 'member', 0, '2025-05-19 11:48:24', NULL),
	(99, 'erica@gmail.com', '$2b$10$5zLgNZo1t4QT1SC0rfPx3O9Efa1wplztO.HroXWp4FzyePUFbFXuG', NULL, NULL, NULL, 'member', 0, '2025-05-19 19:23:31', NULL),
	(100, 'eeyorepppp@gmail.com', '$2b$10$5zLgNZo1t4QT1SC0rfPx3O9Efa1wplztO.HroXWp4FzyePUFbFXuG', NULL, NULL, NULL, 'member', 0, '2025-05-21 22:38:42', 'w80yTH6zP6XmIzSIbDkTs3DNrWj1'),
	(101, '12@test.com', '$2b$10$nI4XaWgPxpCIa6G/CYaqNeD.bigqVwgEVF4JI0du1d.Wjdo2/eyqq', NULL, NULL, NULL, 'member', 0, '2025-05-22 02:42:23', NULL),
	(102, 'chun@test.com', '$2b$10$FyeT7ooqkZ8Evuct2J6E.ey/WAnVPpMGn7gaqppR1Tyy8EbtyapZy', '156820', '2025-05-29 11:30:54', NULL, 'member', 1, '2025-05-22 03:07:23', NULL),
	(103, 'cat@test.com', '$2b$10$sFxe2ieh2sYrT8wxKwXdyelwl0Ck48S1fk.CuWOkpLPbrI4NJIFt2', NULL, NULL, NULL, 'member', 1, '2025-05-22 03:13:43', NULL),
	(104, '123@gmail.com', '$2b$10$eFHeQnDGRumsfBmXRgL6rOIUtQnd7pQ61.4WNx1YxMx3nehcu8X..', NULL, NULL, NULL, 'member', 0, '2025-05-22 03:17:35', NULL),
	(105, 'ncma@test.com', '$2b$10$6jQEgLaxc9fZC/Rq71MhwuueIY6zmrKB8./OzAWcTJ.GyJGYeZZWe', NULL, NULL, NULL, 'admin', 0, '2025-05-30 16:03:18', NULL),
	(106, 'chun123@test.com', '$2b$10$jQ6D/0NuUujVhAIz3Sb3keVByuYkO1w3dio9.ofyYHYOrHuLxmDx6', NULL, NULL, NULL, 'member', 0, '2025-06-02 00:42:18', NULL),
	(107, '0603@test.com', '$2b$10$aZO6jRugjNHxxtqE.I4Cau5l5nZ4XYASgwyjkYJjMxyOFDajzhk0O', NULL, NULL, NULL, 'member', 1, '2025-06-03 03:56:17', NULL),
	(108, 'user108@example.com', '$2b$10$5zLgNZo1t4QT1SC0rfPx3O9Efa1wplztO.HroXWp4FzyePUFbFXuG', NULL, NULL, NULL, 'member', 0, '2025-06-05 10:00:00', NULL),
	(109, 'user109@example.com', '$2b$10$5zLgNZo1t4QT1SC0rfPx3O9Efa1wplztO.HroXWp4FzyePUFbFXuG', NULL, NULL, NULL, 'member', 0, '2025-06-05 10:00:00', NULL),
	(110, 'user110@example.com', '$2b$10$5zLgNZo1t4QT1SC0rfPx3O9Efa1wplztO.HroXWp4FzyePUFbFXuG', NULL, NULL, NULL, 'member', 0, '2025-06-05 10:00:00', NULL),
	(111, 'user111@example.com', '$2b$10$5zLgNZo1t4QT1SC0rfPx3O9Efa1wplztO.HroXWp4FzyePUFbFXuG', NULL, NULL, NULL, 'member', 0, '2025-06-05 10:00:00', NULL),
	(112, 'user112@example.com', '$2b$10$5zLgNZo1t4QT1SC0rfPx3O9Efa1wplztO.HroXWp4FzyePUFbFXuG', NULL, NULL, NULL, 'member', 0, '2025-06-05 10:00:00', NULL),
	(113, 'user113@example.com', '$2b$10$5zLgNZo1t4QT1SC0rfPx3O9Efa1wplztO.HroXWp4FzyePUFbFXuG', NULL, NULL, NULL, 'member', 0, '2025-06-05 10:00:00', NULL),
	(114, 'user114@example.com', '$2b$10$5zLgNZo1t4QT1SC0rfPx3O9Efa1wplztO.HroXWp4FzyePUFbFXuG', NULL, NULL, NULL, 'member', 0, '2025-06-05 10:00:00', NULL),
	(115, 'user115@example.com', '$2b$10$5zLgNZo1t4QT1SC0rfPx3O9Efa1wplztO.HroXWp4FzyePUFbFXuG', NULL, NULL, NULL, 'member', 0, '2025-06-05 10:00:00', NULL),
	(116, 'user116@example.com', '$2b$10$5zLgNZo1t4QT1SC0rfPx3O9Efa1wplztO.HroXWp4FzyePUFbFXuG', NULL, NULL, NULL, 'member', 0, '2025-06-05 10:00:00', NULL),
	(117, 'user117@example.com', '$2b$10$5zLgNZo1t4QT1SC0rfPx3O9Efa1wplztO.HroXWp4FzyePUFbFXuG', NULL, NULL, NULL, 'member', 0, '2025-06-05 10:00:00', NULL),
	(118, 'user118@example.com', '$2b$10$5zLgNZo1t4QT1SC0rfPx3O9Efa1wplztO.HroXWp4FzyePUFbFXuG', NULL, NULL, NULL, 'member', 0, '2025-06-05 10:00:00', NULL),
	(119, 'user119@example.com', '$2b$10$5zLgNZo1t4QT1SC0rfPx3O9Efa1wplztO.HroXWp4FzyePUFbFXuG', NULL, NULL, NULL, 'member', 0, '2025-06-05 10:00:00', NULL),
	(120, 'user120@example.com', '$2b$10$5zLgNZo1t4QT1SC0rfPx3O9Efa1wplztO.HroXWp4FzyePUFbFXuG', NULL, NULL, NULL, 'member', 0, '2025-06-05 10:00:00', NULL),
	(121, 'user121@example.com', '$2b$10$5zLgNZo1t4QT1SC0rfPx3O9Efa1wplztO.HroXWp4FzyePUFbFXuG', NULL, NULL, NULL, 'member', 0, '2025-06-05 10:00:00', NULL),
	(122, 'user122@example.com', '$2b$10$5zLgNZo1t4QT1SC0rfPx3O9Efa1wplztO.HroXWp4FzyePUFbFXuG', NULL, NULL, NULL, 'member', 0, '2025-06-05 10:00:00', NULL),
	(123, 'user123@example.com', '$2b$10$5zLgNZo1t4QT1SC0rfPx3O9Efa1wplztO.HroXWp4FzyePUFbFXuG', NULL, NULL, NULL, 'member', 0, '2025-06-05 10:00:00', NULL),
	(124, 'user124@example.com', '$2b$10$5zLgNZo1t4QT1SC0rfPx3O9Efa1wplztO.HroXWp4FzyePUFbFXuG', NULL, NULL, NULL, 'member', 0, '2025-06-05 10:00:00', NULL),
	(125, 'user125@example.com', '$2b$10$5zLgNZo1t4QT1SC0rfPx3O9Efa1wplztO.HroXWp4FzyePUFbFXuG', NULL, NULL, NULL, 'member', 0, '2025-06-05 10:00:00', NULL),
	(126, 'user126@example.com', '$2b$10$5zLgNZo1t4QT1SC0rfPx3O9Efa1wplztO.HroXWp4FzyePUFbFXuG', NULL, NULL, NULL, 'member', 0, '2025-06-05 10:00:00', NULL),
	(127, 'user127@example.com', '$2b$10$5zLgNZo1t4QT1SC0rfPx3O9Efa1wplztO.HroXWp4FzyePUFbFXuG', NULL, NULL, NULL, 'member', 0, '2025-06-05 10:00:00', NULL),
	(128, 'eeyoreppppp@gmail.com', NULL, NULL, NULL, NULL, 'member', 0, '2025-06-05 19:14:22', 'ds1jPL9SDGM9NxujAswiX7qGv9A2'),
	(129, 'frontend1226@gmail.com', '$2b$10$niitZF600TNiX/pVyL4NS.61tGIYPkW1fMmIKp57tNs4Pm.tyOArm', '665989', '2025-06-08 01:10:22', NULL, 'member', 0, '2025-06-08 00:10:49', NULL);

-- Dumping structure for table museum_db.member_coupons
CREATE TABLE IF NOT EXISTS `member_coupons` (
  `id` int(11) NOT NULL AUTO_INCREMENT,
  `member_id` int(11) NOT NULL COMMENT '會員 ID',
  `coupon_id` int(11) NOT NULL COMMENT '優惠券 ID',
  `uuid_code` char(36) NOT NULL COMMENT '領取後的唯一編號',
  `claimed_at` datetime DEFAULT current_timestamp() COMMENT '領取時間',
  `used` tinyint(1) DEFAULT 0 COMMENT '是否已使用',
  `used_at` datetime DEFAULT NULL COMMENT '使用時間',
  `usage_note` varchar(255) DEFAULT NULL COMMENT '使用備註，例如：課程結帳',
  `expired_at` datetime DEFAULT NULL COMMENT '使用期限',
  `is_used` tinyint(4) DEFAULT NULL,
  `category` enum('商品','課程') DEFAULT NULL,
  `name` char(50) DEFAULT NULL,
  `minSpend` int(11) DEFAULT NULL,
  `type` enum('百分比','現金') DEFAULT NULL,
  `source` varchar(20) DEFAULT 'normal' COMMENT '獲取來源',
  PRIMARY KEY (`id`),
  UNIQUE KEY `uuid_code` (`uuid_code`),
  KEY `coupon_id` (`coupon_id`),
  CONSTRAINT `member_coupons_ibfk_1` FOREIGN KEY (`coupon_id`) REFERENCES `coupons` (`id`)
) ENGINE=InnoDB AUTO_INCREMENT=216 DEFAULT CHARSET=utf8mb4 COLLATE=utf8mb4_general_ci;

-- Dumping data for table museum_db.member_coupons: ~44 rows (approximately)
INSERT INTO `member_coupons` (`id`, `member_id`, `coupon_id`, `uuid_code`, `claimed_at`, `used`, `used_at`, `usage_note`, `expired_at`, `is_used`, `category`, `name`, `minSpend`, `type`, `source`) VALUES
	(136, 107, 33, '5e92cf01-858f-41a7-aaf6-8bf964849117', '2025-05-31 16:26:18', 0, NULL, NULL, '2025-06-11 00:00:00', NULL, '商品', '購課金25', 490, '現金', NULL),
	(137, 107, 2, '32a87b87-dc6b-4896-b5bb-dcdab91701f7', '2025-05-31 16:26:19', 0, NULL, NULL, '2025-06-30 00:00:00', NULL, '商品', '購物金100', 1000, '現金', NULL),
	(138, 107, 11, '22453be2-860e-4fbe-a121-18ddaf0509f1', '2025-05-31 16:26:26', 0, NULL, NULL, '2025-06-25 00:00:00', NULL, '課程', '購課金5P', 800, '百分比', NULL),
	(139, 107, 10, '25da2680-070a-471e-bbdf-112d43c8f967', '2025-05-31 16:26:27', 0, NULL, NULL, '2025-06-20 00:00:00', NULL, '課程', '購課金15P', 1500, '百分比', NULL),
	(140, 107, 13, '8c740245-e667-4c5e-ba6b-78c2adce6e4b', '2025-05-31 16:26:30', 0, NULL, NULL, '2025-05-15 00:00:00', NULL, '課程', '購課金50', 1000, '現金', NULL),
	(141, 107, 5, '37ad0242-2478-4dac-b19a-d32c12212ab0', '2025-05-31 16:26:35', 0, NULL, NULL, '2025-05-15 00:00:00', NULL, '商品', '購物金10P', 800, '百分比', NULL),
	(142, 107, 1, 'afa91967-54a2-4519-bb81-070266bef8ef', '2025-05-31 16:45:01', 0, NULL, NULL, '2025-06-30 00:00:00', NULL, '商品', '購物金50', 500, '現金', NULL),
	(143, 107, 3, '354bd729-58bf-49bd-9438-3e4cdd059c2d', '2025-05-31 16:45:01', 0, NULL, NULL, '2025-06-30 00:00:00', NULL, '商品', '購物金150', 1500, '現金', NULL),
	(144, 107, 4, 'f419718d-9b67-4088-87e6-7ac0a79df1de', '2025-05-31 16:45:01', 0, NULL, NULL, '2025-06-30 00:00:00', NULL, '商品', '購物金200', 2000, '現金', NULL),
	(145, 107, 6, '051ea172-d803-4c12-a41d-44d08fc52a2a', '2025-05-31 16:45:01', 0, NULL, NULL, '2025-06-01 00:00:00', NULL, '商品', '購物金15P', 1800, '百分比', NULL),
	(146, 107, 7, '64ff6898-c7f1-4fa2-acf3-48d974b485f0', '2025-05-31 16:45:01', 0, NULL, NULL, '2025-06-12 00:00:00', NULL, '商品', '購物金120', 1200, '現金', NULL),
	(147, 107, 999, 'c5580f38-b8f1-44cc-9440-f085dc04a64f', '2025-05-31 16:45:01', 0, NULL, NULL, '2025-12-27 00:00:00', NULL, '商品', '挑戰成功獎勵券', 0, '現金', NULL),
	(148, 110, 13, '8affd7b7-d5ff-4bc4-8a04-cfe6d078643c', '2025-05-31 16:48:55', 0, NULL, NULL, '2025-05-15 00:00:00', NULL, '課程', '購課金50', 1000, '現金', NULL),
	(149, 110, 8, '04daf54c-b807-497a-9aa7-081763f6dcd2', '2025-05-31 16:48:56', 0, NULL, NULL, '2025-06-01 00:00:00', NULL, '課程', '購課金90', 900, '現金', NULL),
	(150, 110, 999, '041a5975-738d-42d7-b208-600764721dfb', '2025-05-31 16:49:13', 0, NULL, NULL, '2025-12-27 00:00:00', NULL, '商品', '挑戰成功獎勵券', 0, '現金', NULL),
	(178, 99, 1, '6f22cfec-975e-4570-bd7c-a34ca033b7e6', '2025-06-08 19:10:35', 0, NULL, NULL, '2025-06-30 00:00:00', NULL, '商品', '購物金50', 500, '現金', 'normal'),
	(179, 99, 2, '3557f199-44e8-4323-989e-bb612565ac41', '2025-06-08 19:10:35', 0, NULL, NULL, '2025-06-30 00:00:00', NULL, '商品', '購物金100', 1000, '現金', 'normal'),
	(180, 99, 3, 'f0773923-d895-4eb2-9f35-3761e836e442', '2025-06-08 19:10:35', 0, NULL, NULL, '2025-06-30 00:00:00', NULL, '商品', '購物金150', 1500, '現金', 'normal'),
	(181, 99, 4, '22f0839a-7b4a-4369-84a8-41053a2b8b69', '2025-06-08 19:10:35', 0, NULL, NULL, '2025-06-30 00:00:00', NULL, '商品', '購物金200', 2000, '現金', 'normal'),
	(182, 99, 5, '5c790364-eaff-488d-a288-43e551d259cf', '2025-06-08 19:10:35', 0, NULL, NULL, '2025-05-15 00:00:00', NULL, '商品', '購物金10P', 800, '百分比', 'normal'),
	(183, 99, 6, 'f3eb0bef-8084-4bb7-8abc-9c4a539ebe8f', '2025-06-08 19:10:35', 0, NULL, NULL, '2025-06-01 00:00:00', NULL, '商品', '購物金15P', 1800, '百分比', 'normal'),
	(184, 99, 7, '044ca2ec-fcbd-4fef-967b-acf6dabffea6', '2025-06-08 19:10:35', 0, NULL, NULL, '2025-06-12 00:00:00', NULL, '商品', '購物金120', 1200, '現金', 'normal'),
	(185, 99, 33, '3664b0cf-d9fa-4f09-bfa3-ff89ce51d8a0', '2025-06-08 19:10:35', 0, NULL, NULL, '2025-06-11 00:00:00', NULL, '商品', '購課金25', 490, '現金', 'normal'),
	(186, 99, 999, '70cfaa22-9b6f-4596-8a97-c38bcb79b001', '2025-06-08 19:10:35', 0, NULL, NULL, '2025-12-27 00:00:00', NULL, '商品', '挑戰成功獎勵券', 0, '現金', 'game'),
	(187, 99, 9, '1aeeb779-582b-4b52-9fd4-218af3561d43', '2025-06-08 19:10:44', 0, NULL, NULL, '2025-06-30 00:00:00', NULL, '課程', '購課金10P', 1000, '百分比', 'normal'),
	(188, 99, 8, 'a2b27c2c-e2d9-427c-8a4a-75667c630ff9', '2025-06-08 19:10:45', 0, NULL, NULL, '2025-06-01 00:00:00', NULL, '課程', '購課金90', 900, '現金', 'normal'),
	(189, 99, 1000, '99d6723f-1c51-4c4b-a138-af06db3e6d1b', '2025-06-08 19:28:41', 0, NULL, NULL, '2025-06-30 00:00:00', NULL, '商品', '購物金 200', 3000, '現金', 'normal'),
	(190, 99, 10, 'd3fe5b29-1eea-46cd-b2f3-e00e7a58c34c', '2025-06-08 19:28:49', 0, NULL, NULL, '2025-06-20 00:00:00', NULL, '課程', '購課金15P', 1500, '百分比', 'normal'),
	(191, 99, 12, 'c45a23d6-1721-4ee9-a41b-6bb2daea3fd2', '2025-06-08 19:28:50', 0, NULL, NULL, '2025-06-30 00:00:00', NULL, '課程', '購課金20P', 6000, '百分比', 'normal'),
	(192, 92, 5, '01699d22-eb2f-42f6-b672-12dc176ab836', '2025-06-10 00:02:55', 0, NULL, NULL, '2025-05-15 00:00:00', NULL, '商品', '購物金10P', 800, '百分比', 'normal'),
	(193, 92, 6, 'c6e41997-1b8f-40b5-9304-27ebb3e09e5c', '2025-06-10 00:02:57', 0, NULL, NULL, '2025-06-01 00:00:00', NULL, '商品', '購物金15P', 1800, '百分比', 'normal'),
	(194, 92, 1002, 'c67451be-bed9-4be6-bb88-cfa61537b3f1', '2025-06-10 00:03:03', 0, NULL, NULL, '2025-07-08 00:00:00', NULL, '商品', '購物金 20', 900, '現金', 'normal'),
	(195, 92, 33, 'b95a4268-b3a7-47a3-a020-d64712843d95', '2025-06-10 01:07:34', 0, NULL, NULL, '2025-06-11 00:00:00', NULL, '商品', '購課金25', 490, '現金', 'normal'),
	(196, 92, 2, '55875893-c26e-426c-9bd7-9f41d79791b0', '2025-06-10 01:07:35', 0, NULL, NULL, '2025-06-30 00:00:00', NULL, '商品', '購物金100', 1000, '現金', 'normal'),
	(197, 92, 1, '7f52c93a-4ca5-40bb-a141-598a4f0d5b61', '2025-06-10 01:07:36', 0, NULL, NULL, '2025-06-30 00:00:00', NULL, '商品', '購物金50', 500, '現金', 'normal'),
	(198, 92, 3, '20afc573-9f26-4124-b125-31a0382ecd9a', '2025-06-10 01:07:36', 0, NULL, NULL, '2025-06-30 00:00:00', NULL, '商品', '購物金150', 1500, '現金', 'normal'),
	(199, 92, 4, '4a2929f4-7911-4437-907e-f8736eeea1d7', '2025-06-10 01:07:36', 0, NULL, NULL, '2025-06-30 00:00:00', NULL, '商品', '購物金200', 2000, '現金', 'normal'),
	(200, 92, 7, '03442064-50b2-4f5b-998e-a1dd3aa317bc', '2025-06-10 01:07:36', 0, NULL, NULL, '2025-06-12 00:00:00', NULL, '商品', '購物金120', 1200, '現金', 'normal'),
	(201, 92, 999, '9cb58f46-6b13-4849-b4b9-544e58db2952', '2025-06-10 01:07:36', 0, NULL, NULL, '2025-12-27 00:00:00', NULL, '商品', '挑戰成功獎勵券', 0, '現金', 'game'),
	(202, 92, 1000, '350ea690-4f54-4a66-a8be-ee650010f644', '2025-06-10 01:07:36', 0, NULL, NULL, '2025-06-30 00:00:00', NULL, '商品', '購物金 200', 3000, '現金', 'normal'),
	(203, 92, 1001, '9f33d6c0-c45a-4415-b852-005902d3595f', '2025-06-10 01:07:36', 0, NULL, NULL, '2025-07-01 00:00:00', NULL, '商品', '購物金 10%', 1000, '百分比', 'normal'),
	(204, 92, 8, '5e6da8e2-3cfa-47b6-bf19-2bf9b8ad0202', '2025-06-10 01:07:41', 0, NULL, NULL, '2025-06-01 00:00:00', NULL, '課程', '購課金90', 900, '現金', 'normal'),
	(205, 92, 9, '7b95d9d8-1d16-46ae-a8ea-ca9bcc268afc', '2025-06-10 01:07:41', 0, NULL, NULL, '2025-06-30 00:00:00', NULL, '課程', '購課金10P', 1000, '百分比', 'normal'),
	(211, 92, 12, 'e9b05877-3e60-49fd-9153-6074f823b756', '2025-06-10 01:08:44', 0, NULL, NULL, '2025-06-30 00:00:00', NULL, '課程', '購課金20P', 6000, '百分比', 'normal'),
	(212, 92, 10, 'bc7b216a-873c-4298-8e6f-7f5b348dd996', '2025-06-10 01:08:47', 0, NULL, NULL, '2025-06-20 00:00:00', NULL, '課程', '購課金15P', 1500, '百分比', 'normal'),
	(213, 92, 11, '9bc763a1-f14e-47c2-9953-86f0b6b4fcb8', '2025-06-10 01:08:53', 0, NULL, NULL, '2025-06-25 00:00:00', NULL, '課程', '購課金5P', 800, '百分比', 'normal'),
	(214, 92, 13, 'd5a75d9d-b5a7-4128-912d-55d5ef2972b6', '2025-06-10 01:08:53', 0, NULL, NULL, '2025-05-15 00:00:00', NULL, '課程', '購課金50', 1000, '現金', 'normal'),
	(215, 92, 34, '0087b72b-f6fe-43d8-8433-48c47e468417', '2025-06-10 01:08:53', 0, NULL, NULL, '2025-06-30 00:00:00', NULL, '課程', '購課金 500P', 2500, '現金', 'normal');

/*!40103 SET TIME_ZONE=IFNULL(@OLD_TIME_ZONE, 'system') */;
/*!40101 SET SQL_MODE=IFNULL(@OLD_SQL_MODE, '') */;
/*!40014 SET FOREIGN_KEY_CHECKS=IFNULL(@OLD_FOREIGN_KEY_CHECKS, 1) */;
/*!40101 SET CHARACTER_SET_CLIENT=@OLD_CHARACTER_SET_CLIENT */;
/*!40111 SET SQL_NOTES=IFNULL(@OLD_SQL_NOTES, 1) */;
